{"total_time": 2161.4851512908936, "time_per_epoch": 4.314341619343101, "success_rate": [0.25, 0.25, 0.75, 0.5, 0.75, 0.5, 0.25, 0.5, 0.25, 0.75, 0.75], "completion_rate": [0.25, 0.25, 0.75, 0.5, 0.75, 0.5, 0.25, 0.5, 0.25, 0.75, 0.75], "auc_completion": [3.0644006729125977, 162.6660614013672, 262.29559326171875, 73.35188293457031, 84.39307403564453, 56.14247512817383, 33.60682678222656, 115.93392944335938, 41.51997756958008, 90.57122802734375, 93.13972473144531], "auc_success": [3.0644007325172424, 162.66606402397156, 262.29559975862503, 73.35188627243042, 84.3930766582489, 56.142475605010986, 33.60682654380798, 115.93393015861511, 41.51997607946396, 90.57122522592545, 93.13972163200378], "training_time": [12.25760293006897, 650.6642560958862, 349.7274663448334, 146.70377254486084, 112.52410221099854, 112.28495121002197, 134.42730617523193, 231.86786031723022, 166.07990431785583, 120.76163363456726, 124.18629550933838]}