{"total_time": 5913.788764476776, "time_per_epoch": 3.939899243488858, "success_rate": [0.25, 0.25, 0.75, 0.5, 0.75, 0.5, 0.25, 0.5, 0.25, 0.75, 0.75, 0.75, 0.5, 0.25, 0.5, 0.5, 0.75, 0.25, 0.75, 0.5, 0.75, 0.75, 1.0, 0.5, 0.5, 0.75, 0.5, 0.5, 0.5, 0.75, 0.25], "completion_rate": [0.25, 0.25, 0.75, 0.5, 0.75, 0.5, 0.25, 0.5, 0.25, 0.75, 0.75, 0.75, 0.5, 0.25, 0.5, 0.5, 0.75, 0.25, 0.75, 0.5, 0.75, 0.75, 1.0, 0.5, 0.5, 0.75, 0.5, 0.5, 0.5, 0.75, 0.25], "auc_completion": [3.0644006729125977, 162.6660614013672, 262.29559326171875, 73.35188293457031, 84.39307403564453, 56.14247512817383, 33.60682678222656, 115.93392944335938, 41.51997756958008, 90.57122802734375, 93.13972473144531, 106.14169311523438, 64.48282623291016, 46.15424728393555, 73.00039672851562, 76.79906463623047, 257.7521057128906, 48.438846588134766, 111.42251586914062, 66.16563415527344, 95.14668273925781, 123.98057556152344, 172.23414611816406, 83.83319091796875, 273.3594665527344, 168.70846557617188, 79.38893127441406, 80.25437927246094, 73.58222198486328, 120.05770874023438, 37.254642486572266], "auc_success": [3.0644007325172424, 162.66606402397156, 262.29559975862503, 73.35188627243042, 84.3930766582489, 56.142475605010986, 33.60682654380798, 115.93393015861511, 41.51997607946396, 90.57122522592545, 93.13972163200378, 106.14170211553574, 64.48282539844513, 46.15424561500549, 73.00039517879486, 76.79906296730042, 257.75208789110184, 48.43884551525116, 111.42251926660538, 66.16563606262207, 95.14668023586273, 123.9805811047554, 172.2341411113739, 83.83319222927094, 273.3594570159912, 168.70846796035767, 79.38893365859985, 80.25437712669373, 73.58222341537476, 120.05771541595459, 37.25464069843292], "training_time": [12.25760293006897, 650.6642560958862, 349.7274663448334, 146.70377254486084, 112.52410221099854, 112.28495121002197, 134.42730617523193, 231.86786031723022, 166.07990431785583, 120.76163363456726, 124.18629550933838, 141.52226948738098, 128.96565079689026, 184.61698246002197, 146.00079035758972, 153.59812593460083, 343.6694505214691, 193.75538206100464, 148.5633590221405, 132.33127212524414, 126.86224031448364, 165.3074414730072, 172.2341411113739, 167.66638445854187, 546.7189140319824, 224.94462394714355, 158.7778673171997, 160.50875425338745, 147.1644468307495, 160.07695388793945, 149.0185627937317]}